Gene,Importance,Importance,Importance
ENSG00000112936.18,0.292173252053814,0.109243317940102,0.1214578651513793
ENSG00000064205.10,0.2855494724100042,0.1128323949939758,0.0908667573908105
ENSG00000143196.4,0.1962678366319792,0.1253415636275986,0.1085781287423598
ENSG00000089356.16,0.1917891742533843,0.0741453535584152,0.0743960738873043
